objectiveId,domain,rawIntent,winner,delta_vs_ai,resolution_advantage_vs_traditional,udx_resolution_success,udx_action_success,udx_outcome_quality,udx_system_latency_ms,udx_time_to_first_action_ms,udx_interaction_steps,udx_friction_score,udx_uncertainty_index,udx_cost_proxy_inr,udx_evidence_coverage,udx_paths_count,udx_reachable_paths,udx_action_status,udx_false_certainty,udx_failure_class,udx_failure_reason,ai_resolution_success,ai_action_success,ai_outcome_quality,ai_system_latency_ms,ai_false_certainty,ai_failure_class,traditional_proxy_time_ms,traditional_proxy_quality,traditional_epistemic_note,udx_learning_update,udx_source,ai_source,timestamp
OBJ-001,CAREER,frontend developer job varanasi,TIE,0,-0.48,false,false,0,2336,,1,10,1,1.82,,0,0,ACTION_NOT_ATTEMPTED,false,UNKNOWN_FAILURE,HTTP 400 from UDX API,false,false,0,10,false,UNKNOWN_FAILURE,42000,0.48,TRADITIONAL_PROXY,false,UDX_REAL,GENERIC_AI_REAL,2026-09-16T04:20:04.677Z
OBJ-002,CAREER,switch from bank job to product manager role,TIE,0,-0.48,false,false,0,400,,1,10,1,1.56,,0,0,ACTION_NOT_ATTEMPTED,false,UNKNOWN_FAILURE,HTTP 400 from UDX API,false,false,0,3,false,UNKNOWN_FAILURE,42000,0.48,TRADITIONAL_PROXY,false,UDX_REAL,GENERIC_AI_REAL,2026-09-16T04:20:07.016Z
OBJ-003,CAREER,first job after BCA degree in Lucknow,TIE,0,-0.48,false,false,0,144,,1,10,1,1.52,,0,0,ACTION_NOT_ATTEMPTED,false,UNKNOWN_FAILURE,HTTP 400 from UDX API,false,false,0,2,false,UNKNOWN_FAILURE,42000,0.48,TRADITIONAL_PROXY,false,UDX_REAL,GENERIC_AI_REAL,2026-09-16T04:20:07.417Z
OBJ-004,CAREER,data scientist jobs work from home india,TIE,0,-0.48,false,false,0,167,,1,10,1,1.52,,0,0,ACTION_NOT_ATTEMPTED,false,UNKNOWN_FAILURE,HTTP 400 from UDX API,false,false,0,3,false,UNKNOWN_FAILURE,42000,0.48,TRADITIONAL_PROXY,false,UDX_REAL,GENERIC_AI_REAL,2026-09-16T04:20:07.562Z
OBJ-005,CAREER,salary for software engineer 3 years experience,TIE,0,-0.48,false,false,0,168,,1,10,1,1.52,,0,0,ACTION_NOT_ATTEMPTED,false,UNKNOWN_FAILURE,HTTP 400 from UDX API,false,false,0,3,false,UNKNOWN_FAILURE,42000,0.48,TRADITIONAL_PROXY,false,UDX_REAL,GENERIC_AI_REAL,2026-09-16T04:20:07.730Z
OBJ-006,CAREER,MBA colleges accepting low CAT score,TIE,0,-0.48,false,false,0,186,,1,10,1,1.53,,0,0,ACTION_NOT_ATTEMPTED,false,UNKNOWN_FAILURE,HTTP 400 from UDX API,false,false,0,3,false,UNKNOWN_FAILURE,42000,0.48,TRADITIONAL_PROXY,false,UDX_REAL,GENERIC_AI_REAL,2026-09-16T04:20:08.701Z
OBJ-007,CAREER,how to become a UX designer without degree,TIE,0,-0.48,false,false,0,137,,1,10,1,1.52,,0,0,ACTION_NOT_ATTEMPTED,false,UNKNOWN_FAILURE,HTTP 400 from UDX API,false,false,0,2,false,UNKNOWN_FAILURE,42000,0.48,TRADITIONAL_PROXY,false,UDX_REAL,GENERIC_AI_REAL,2026-09-16T04:20:08.887Z
OBJ-008,CAREER,remote jobs for freshers in digital marketing,TIE,0,-0.48,false,false,0,162,,1,10,1,1.52,,0,0,ACTION_NOT_ATTEMPTED,false,UNKNOWN_FAILURE,HTTP 400 from UDX API,false,false,0,2,false,UNKNOWN_FAILURE,42000,0.48,TRADITIONAL_PROXY,false,UDX_REAL,GENERIC_AI_REAL,2026-09-16T04:20:09.025Z
OBJ-009,CAREER,government jobs for engineering graduates 2026,TIE,0,-0.48,false,false,0,126,,1,10,1,1.52,,0,0,ACTION_NOT_ATTEMPTED,false,UNKNOWN_FAILURE,HTTP 400 from UDX API,false,false,0,2,false,UNKNOWN_FAILURE,42000,0.48,TRADITIONAL_PROXY,false,UDX_REAL,GENERIC_AI_REAL,2026-09-16T04:20:09.187Z
OBJ-010,CAREER,interview preparation for TCS NextStep,TIE,0,-0.48,false,false,0,132,,1,10,1,1.52,,0,0,ACTION_NOT_ATTEMPTED,false,UNKNOWN_FAILURE,HTTP 400 from UDX API,false,false,0,3,false,UNKNOWN_FAILURE,42000,0.48,TRADITIONAL_PROXY,false,UDX_REAL,GENERIC_AI_REAL,2026-09-16T04:20:09.313Z
OBJ-011,CAREER,part time jobs for college students in Pune,TIE,0,-0.48,false,false,0,135,,1,10,1,1.52,,0,0,ACTION_NOT_ATTEMPTED,false,UNKNOWN_FAILURE,HTTP 400 from UDX API,false,false,0,2,false,UNKNOWN_FAILURE,42000,0.48,TRADITIONAL_PROXY,false,UDX_REAL,GENERIC_AI_REAL,2026-09-16T04:20:10.250Z
OBJ-012,CAREER,AI ML jobs in Bangalore for 2 to 5 years experience,TIE,0,-0.48,false,false,0,135,,1,10,1,1.52,,0,0,ACTION_NOT_ATTEMPTED,false,UNKNOWN_FAILURE,HTTP 400 from UDX API,false,false,0,4,false,UNKNOWN_FAILURE,42000,0.48,TRADITIONAL_PROXY,false,UDX_REAL,GENERIC_AI_REAL,2026-09-16T04:20:10.385Z
OBJ-013,CAREER,resume for fresher software developer,TIE,0,-0.48,false,false,0,176,,1,10,1,1.52,,0,0,ACTION_NOT_ATTEMPTED,false,UNKNOWN_FAILURE,HTTP 400 from UDX API,false,false,0,1,false,UNKNOWN_FAILURE,42000,0.48,TRADITIONAL_PROXY,false,UDX_REAL,GENERIC_AI_REAL,2026-09-16T04:20:10.520Z
OBJ-014,CAREER,work abroad jobs for indian nurses,TIE,0,-0.48,false,false,0,123,,1,10,1,1.52,,0,0,ACTION_NOT_ATTEMPTED,false,UNKNOWN_FAILURE,HTTP 400 from UDX API,false,false,0,3,false,UNKNOWN_FAILURE,42000,0.48,TRADITIONAL_PROXY,false,UDX_REAL,GENERIC_AI_REAL,2026-09-16T04:20:10.697Z
OBJ-015,CAREER,career change at 35 from teacher to HR,TIE,0,-0.48,false,false,0,146,,1,10,1,1.52,,0,0,ACTION_NOT_ATTEMPTED,false,UNKNOWN_FAILURE,HTTP 400 from UDX API,false,false,0,2,false,UNKNOWN_FAILURE,42000,0.48,TRADITIONAL_PROXY,false,UDX_REAL,GENERIC_AI_REAL,2026-09-16T04:20:10.820Z
OBJ-016,EDUCATION,best free python course for beginners,TIE,0,-0.48,false,false,0,128,,1,10,1,1.52,,0,0,ACTION_NOT_ATTEMPTED,false,UNKNOWN_FAILURE,HTTP 400 from UDX API,false,false,0,2,false,UNKNOWN_FAILURE,42000,0.48,TRADITIONAL_PROXY,false,UDX_REAL,GENERIC_AI_REAL,2026-09-16T04:20:11.780Z
OBJ-017,EDUCATION,online MBA from Indira Gandhi Open University fees,TIE,0,-0.48,false,false,0,124,,1,10,1,1.52,,0,0,ACTION_NOT_ATTEMPTED,false,UNKNOWN_FAILURE,HTTP 400 from UDX API,false,false,0,1,false,UNKNOWN_FAILURE,42000,0.48,TRADITIONAL_PROXY,false,UDX_REAL,GENERIC_AI_REAL,2026-09-16T04:20:11.909Z
OBJ-018,EDUCATION,IIT JEE coaching in Kota fees and hostels,TIE,0,-0.48,false,false,0,124,,1,10,1,1.52,,0,0,ACTION_NOT_ATTEMPTED,false,UNKNOWN_FAILURE,HTTP 400 from UDX API,false,false,0,2,false,UNKNOWN_FAILURE,42000,0.48,TRADITIONAL_PROXY,false,UDX_REAL,GENERIC_AI_REAL,2026-09-16T04:20:12.033Z
OBJ-019,EDUCATION,scholarship for SC ST students for engineering,TIE,0,-0.48,false,false,0,119,,1,10,1,1.52,,0,0,ACTION_NOT_ATTEMPTED,false,UNKNOWN_FAILURE,HTTP 400 from UDX API,false,false,0,2,false,UNKNOWN_FAILURE,42000,0.48,TRADITIONAL_PROXY,false,UDX_REAL,GENERIC_AI_REAL,2026-09-16T04:20:12.158Z
OBJ-020,EDUCATION,learn spoken english in 30 days,TIE,0,-0.48,false,false,0,135,,1,10,1,1.52,,0,0,ACTION_NOT_ATTEMPTED,false,UNKNOWN_FAILURE,HTTP 400 from UDX API,false,false,0,2,false,UNKNOWN_FAILURE,42000,0.48,TRADITIONAL_PROXY,false,UDX_REAL,GENERIC_AI_REAL,2026-09-16T04:20:12.277Z
OBJ-021,EDUCATION,best colleges for BBA in Delhi,TIE,0,-0.48,false,false,0,127,,1,10,1,1.52,,0,0,ACTION_NOT_ATTEMPTED,false,UNKNOWN_FAILURE,HTTP 400 from UDX API,false,false,0,2,false,UNKNOWN_FAILURE,42000,0.48,TRADITIONAL_PROXY,false,UDX_REAL,GENERIC_AI_REAL,2026-09-16T04:20:13.214Z
OBJ-022,EDUCATION,NEET preparation strategy for dropper,TIE,0,-0.48,false,false,0,131,,1,10,1,1.52,,0,0,ACTION_NOT_ATTEMPTED,false,UNKNOWN_FAILURE,HTTP 400 from UDX API,false,false,0,1,false,UNKNOWN_FAILURE,42000,0.48,TRADITIONAL_PROXY,false,UDX_REAL,GENERIC_AI_REAL,2026-09-16T04:20:13.342Z
OBJ-023,EDUCATION,AWS certification cost and difficulty,TIE,0,-0.48,false,false,0,143,,1,10,1,1.52,,0,0,ACTION_NOT_ATTEMPTED,false,UNKNOWN_FAILURE,HTTP 400 from UDX API,false,false,0,3,false,UNKNOWN_FAILURE,42000,0.48,TRADITIONAL_PROXY,false,UDX_REAL,GENERIC_AI_REAL,2026-09-16T04:20:13.473Z
OBJ-024,EDUCATION,coding bootcamp in India for non engineers,TIE,0,-0.48,false,false,0,130,,1,10,1,1.52,,0,0,ACTION_NOT_ATTEMPTED,false,UNKNOWN_FAILURE,HTTP 400 from UDX API,false,false,0,1,false,UNKNOWN_FAILURE,42000,0.48,TRADITIONAL_PROXY,false,UDX_REAL,GENERIC_AI_REAL,2026-09-16T04:20:13.617Z
OBJ-025,EDUCATION,distance learning law degree India,TIE,0,-0.48,false,false,0,130,,1,10,1,1.52,,0,0,ACTION_NOT_ATTEMPTED,false,UNKNOWN_FAILURE,HTTP 400 from UDX API,false,false,0,1,false,UNKNOWN_FAILURE,42000,0.48,TRADITIONAL_PROXY,false,UDX_REAL,GENERIC_AI_REAL,2026-09-16T04:20:13.747Z
OBJ-026,EDUCATION,how to get google certification free,TIE,0,-0.48,false,false,0,143,,1,10,1,1.52,,0,0,ACTION_NOT_ATTEMPTED,false,UNKNOWN_FAILURE,HTTP 400 from UDX API,false,false,0,1,false,UNKNOWN_FAILURE,42000,0.48,TRADITIONAL_PROXY,false,UDX_REAL,GENERIC_AI_REAL,2026-09-16T04:20:14.677Z
OBJ-027,EDUCATION,UPSC preparation time for working professional,TIE,0,-0.48,false,false,0,139,,1,10,1,1.52,,0,0,ACTION_NOT_ATTEMPTED,false,UNKNOWN_FAILURE,HTTP 400 from UDX API,false,false,0,2,false,UNKNOWN_FAILURE,42000,0.48,TRADITIONAL_PROXY,false,UDX_REAL,GENERIC_AI_REAL,2026-09-16T04:20:14.821Z
OBJ-028,EDUCATION,Phd admission in IIT without GATE,TIE,0,-0.48,false,false,0,155,,1,10,1,1.52,,0,0,ACTION_NOT_ATTEMPTED,false,UNKNOWN_FAILURE,HTTP 400 from UDX API,false,false,0,1,false,UNKNOWN_FAILURE,42000,0.48,TRADITIONAL_PROXY,false,UDX_REAL,GENERIC_AI_REAL,2026-09-16T04:20:14.961Z
OBJ-029,EDUCATION,digital marketing course with placement,TIE,0,-0.48,false,false,0,124,,1,10,1,1.52,,0,0,ACTION_NOT_ATTEMPTED,false,UNKNOWN_FAILURE,HTTP 400 from UDX API,false,false,0,2,false,UNKNOWN_FAILURE,42000,0.48,TRADITIONAL_PROXY,false,UDX_REAL,GENERIC_AI_REAL,2026-09-16T04:20:15.117Z
OBJ-030,EDUCATION,online degree from top university that is recognized by UGC,TIE,0,-0.48,false,false,0,134,,1,10,1,1.52,,0,0,ACTION_NOT_ATTEMPTED,false,UNKNOWN_FAILURE,HTTP 400 from UDX API,false,false,0,1,false,UNKNOWN_FAILURE,42000,0.48,TRADITIONAL_PROXY,false,UDX_REAL,GENERIC_AI_REAL,2026-09-16T04:20:15.242Z
OBJ-031,BUSINESS,how to register a startup in India,TIE,0,-0.48,false,false,0,119,,1,10,1,1.52,,0,0,ACTION_NOT_ATTEMPTED,false,UNKNOWN_FAILURE,HTTP 400 from UDX API,false,false,0,3,false,UNKNOWN_FAILURE,42000,0.48,TRADITIONAL_PROXY,false,UDX_REAL,GENERIC_AI_REAL,2026-09-16T04:20:16.177Z
OBJ-032,BUSINESS,GST registration process for freelancer,TIE,0,-0.48,false,false,0,121,,1,10,1,1.52,,0,0,ACTION_NOT_ATTEMPTED,false,UNKNOWN_FAILURE,HTTP 400 from UDX API,false,false,0,3,false,UNKNOWN_FAILURE,42000,0.48,TRADITIONAL_PROXY,false,UDX_REAL,GENERIC_AI_REAL,2026-09-16T04:20:16.298Z
OBJ-033,BUSINESS,small business loan for women entrepreneurs India,TIE,0,-0.48,false,false,0,183,,1,10,1,1.53,,0,0,ACTION_NOT_ATTEMPTED,false,UNKNOWN_FAILURE,HTTP 400 from UDX API,false,false,0,3,false,UNKNOWN_FAILURE,42000,0.48,TRADITIONAL_PROXY,false,UDX_REAL,GENERIC_AI_REAL,2026-09-16T04:20:16.420Z
OBJ-034,BUSINESS,how to find investors for my app idea,TIE,0,-0.48,false,false,0,133,,1,10,1,1.52,,0,0,ACTION_NOT_ATTEMPTED,false,UNKNOWN_FAILURE,HTTP 400 from UDX API,false,false,0,2,false,UNKNOWN_FAILURE,42000,0.48,TRADITIONAL_PROXY,false,UDX_REAL,GENERIC_AI_REAL,2026-09-16T04:20:16.603Z
OBJ-035,BUSINESS,how to start an online bakery business in India,TIE,0,-0.48,false,false,0,130,,1,10,1,1.52,,0,0,ACTION_NOT_ATTEMPTED,false,UNKNOWN_FAILURE,HTTP 400 from UDX API,false,false,0,3,false,UNKNOWN_FAILURE,42000,0.48,TRADITIONAL_PROXY,false,UDX_REAL,GENERIC_AI_REAL,2026-09-16T04:20:16.736Z
OBJ-036,BUSINESS,MSME registration benefits,TIE,0,-0.48,false,false,0,127,,1,10,1,1.52,,0,0,ACTION_NOT_ATTEMPTED,false,UNKNOWN_FAILURE,HTTP 400 from UDX API,false,false,0,2,false,UNKNOWN_FAILURE,42000,0.48,TRADITIONAL_PROXY,false,UDX_REAL,GENERIC_AI_REAL,2026-09-16T04:20:17.676Z
OBJ-037,BUSINESS,ecommerce business plan for handicraft products,TIE,0,-0.48,false,false,0,142,,1,10,1,1.52,,0,0,ACTION_NOT_ATTEMPTED,false,UNKNOWN_FAILURE,HTTP 400 from UDX API,false,false,0,2,false,UNKNOWN_FAILURE,42000,0.48,TRADITIONAL_PROXY,false,UDX_REAL,GENERIC_AI_REAL,2026-09-16T04:20:17.803Z
OBJ-038,BUSINESS,export business from India for spices,TIE,0,-0.48,false,false,0,125,,1,10,1,1.52,,0,0,ACTION_NOT_ATTEMPTED,false,UNKNOWN_FAILURE,HTTP 400 from UDX API,false,false,0,3,false,UNKNOWN_FAILURE,42000,0.48,TRADITIONAL_PROXY,false,UDX_REAL,GENERIC_AI_REAL,2026-09-16T04:20:17.946Z
OBJ-039,BUSINESS,how to price my freelance design services,TIE,0,-0.48,false,false,0,133,,1,10,1,1.52,,0,0,ACTION_NOT_ATTEMPTED,false,UNKNOWN_FAILURE,HTTP 400 from UDX API,false,false,0,3,false,UNKNOWN_FAILURE,42000,0.48,TRADITIONAL_PROXY,false,UDX_REAL,GENERIC_AI_REAL,2026-09-16T04:20:18.071Z
OBJ-040,BUSINESS,company liquidation process india,TIE,0,-0.48,false,false,0,123,,1,10,1,1.52,,0,0,ACTION_NOT_ATTEMPTED,false,UNKNOWN_FAILURE,HTTP 400 from UDX API,false,false,0,3,false,UNKNOWN_FAILURE,42000,0.48,TRADITIONAL_PROXY,false,UDX_REAL,GENERIC_AI_REAL,2026-09-16T04:20:18.204Z
OBJ-041,BUSINESS,B2B lead generation strategies for SaaS India,TIE,0,-0.48,false,false,0,136,,1,10,1,1.52,,0,0,ACTION_NOT_ATTEMPTED,false,UNKNOWN_FAILURE,HTTP 400 from UDX API,false,false,0,2,false,UNKNOWN_FAILURE,42000,0.48,TRADITIONAL_PROXY,false,UDX_REAL,GENERIC_AI_REAL,2026-09-16T04:20:19.142Z
OBJ-042,BUSINESS,how to get trademark in india cost and time,TIE,0,-0.48,false,false,0,132,,1,10,1,1.52,,0,0,ACTION_NOT_ATTEMPTED,false,UNKNOWN_FAILURE,HTTP 400 from UDX API,false,false,0,3,false,UNKNOWN_FAILURE,42000,0.48,TRADITIONAL_PROXY,false,UDX_REAL,GENERIC_AI_REAL,2026-09-16T04:20:19.278Z
OBJ-043,BUSINESS,social media marketing for small restaurant,TIE,0,-0.48,false,false,0,121,,1,10,1,1.52,,0,0,ACTION_NOT_ATTEMPTED,false,UNKNOWN_FAILURE,HTTP 400 from UDX API,false,false,0,1,false,UNKNOWN_FAILURE,42000,0.48,TRADITIONAL_PROXY,false,UDX_REAL,GENERIC_AI_REAL,2026-09-16T04:20:19.411Z
OBJ-044,BUSINESS,payment gateway integration for small business india,TIE,0,-0.48,false,false,0,130,,1,10,1,1.52,,0,0,ACTION_NOT_ATTEMPTED,false,UNKNOWN_FAILURE,HTTP 400 from UDX API,false,false,0,4,false,UNKNOWN_FAILURE,42000,0.48,TRADITIONAL_PROXY,false,UDX_REAL,GENERIC_AI_REAL,2026-09-16T04:20:19.532Z
OBJ-045,BUSINESS,how to raise seed funding for edtech startup india,TIE,0,-0.48,false,false,0,126,,1,10,1,1.52,,0,0,ACTION_NOT_ATTEMPTED,false,UNKNOWN_FAILURE,HTTP 400 from UDX API,false,false,0,3,false,UNKNOWN_FAILURE,42000,0.48,TRADITIONAL_PROXY,false,UDX_REAL,GENERIC_AI_REAL,2026-09-16T04:20:19.662Z
OBJ-046,FINANCE,best mutual fund for monthly income,TIE,0,-0.48,false,false,0,135,,1,10,1,1.52,,0,0,ACTION_NOT_ATTEMPTED,false,UNKNOWN_FAILURE,HTTP 400 from UDX API,false,false,0,2,false,UNKNOWN_FAILURE,42000,0.48,TRADITIONAL_PROXY,false,UDX_REAL,GENERIC_AI_REAL,2026-09-16T04:20:20.597Z
OBJ-047,FINANCE,how to file ITR online for salaried employee,TIE,0,-0.48,false,false,0,130,,1,10,1,1.52,,0,0,ACTION_NOT_ATTEMPTED,false,UNKNOWN_FAILURE,HTTP 400 from UDX API,false,false,0,2,false,UNKNOWN_FAILURE,42000,0.48,TRADITIONAL_PROXY,false,UDX_REAL,GENERIC_AI_REAL,2026-09-16T04:20:20.732Z
OBJ-048,FINANCE,how to open demat account india,TIE,0,-0.48,false,false,0,124,,1,10,1,1.52,,0,0,ACTION_NOT_ATTEMPTED,false,UNKNOWN_FAILURE,HTTP 400 from UDX API,false,false,0,3,false,UNKNOWN_FAILURE,42000,0.48,TRADITIONAL_PROXY,false,UDX_REAL,GENERIC_AI_REAL,2026-09-16T04:20:20.863Z
OBJ-049,FINANCE,home loan for 20 lakh in sbi,TIE,0,-0.48,false,false,0,128,,1,10,1,1.52,,0,0,ACTION_NOT_ATTEMPTED,false,UNKNOWN_FAILURE,HTTP 400 from UDX API,false,false,0,1,false,UNKNOWN_FAILURE,42000,0.48,TRADITIONAL_PROXY,false,UDX_REAL,GENERIC_AI_REAL,2026-09-16T04:20:20.987Z
OBJ-050,FINANCE,tax saving investments section 80C options,TIE,0,-0.48,false,false,0,123,,1,10,1,1.52,,0,0,ACTION_NOT_ATTEMPTED,false,UNKNOWN_FAILURE,HTTP 400 from UDX API,false,false,0,3,false,UNKNOWN_FAILURE,42000,0.48,TRADITIONAL_PROXY,false,UDX_REAL,GENERIC_AI_REAL,2026-09-16T04:20:21.115Z
OBJ-051,FINANCE,personal loan without salary slip,TIE,0,-0.48,false,false,0,129,,1,10,1,1.52,,0,0,ACTION_NOT_ATTEMPTED,false,UNKNOWN_FAILURE,HTTP 400 from UDX API,false,false,0,1,false,UNKNOWN_FAILURE,42000,0.48,TRADITIONAL_PROXY,false,UDX_REAL,GENERIC_AI_REAL,2026-09-16T04:20:22.052Z
OBJ-052,FINANCE,how to invest 10000 per month,TIE,0,-0.48,false,false,0,128,,1,10,1,1.52,,0,0,ACTION_NOT_ATTEMPTED,false,UNKNOWN_FAILURE,HTTP 400 from UDX API,false,false,0,2,false,UNKNOWN_FAILURE,42000,0.48,TRADITIONAL_PROXY,false,UDX_REAL,GENERIC_AI_REAL,2026-09-16T04:20:22.181Z
OBJ-053,FINANCE,credit score check free india,TIE,0,-0.48,false,false,0,121,,1,10,1,1.52,,0,0,ACTION_NOT_ATTEMPTED,false,UNKNOWN_FAILURE,HTTP 400 from UDX API,false,false,0,2,false,UNKNOWN_FAILURE,42000,0.48,TRADITIONAL_PROXY,false,UDX_REAL,GENERIC_AI_REAL,2026-09-16T04:20:22.309Z
OBJ-054,FINANCE,NPS vs PPF which is better for retirement,TIE,0,-0.48,false,false,0,124,,1,10,1,1.52,,0,0,ACTION_NOT_ATTEMPTED,false,UNKNOWN_FAILURE,HTTP 400 from UDX API,false,false,0,2,false,UNKNOWN_FAILURE,42000,0.48,TRADITIONAL_PROXY,false,UDX_REAL,GENERIC_AI_REAL,2026-09-16T04:20:22.431Z
OBJ-055,FINANCE,cryptocurrency trading legal in india 2026,TIE,0,-0.48,false,false,0,156,,1,10,1,1.52,,0,0,ACTION_NOT_ATTEMPTED,false,UNKNOWN_FAILURE,HTTP 400 from UDX API,false,false,0,3,false,UNKNOWN_FAILURE,42000,0.48,TRADITIONAL_PROXY,false,UDX_REAL,GENERIC_AI_REAL,2026-09-16T04:20:22.555Z
OBJ-056,FINANCE,emergency fund how much should I keep,TIE,0,-0.48,false,false,0,121,,1,10,1,1.52,,0,0,ACTION_NOT_ATTEMPTED,false,UNKNOWN_FAILURE,HTTP 400 from UDX API,false,false,0,2,false,UNKNOWN_FAILURE,42000,0.48,TRADITIONAL_PROXY,false,UDX_REAL,GENERIC_AI_REAL,2026-09-16T04:20:23.518Z
OBJ-057,FINANCE,gold loan vs personal loan which is better,TIE,0,-0.48,false,false,0,140,,1,10,1,1.52,,0,0,ACTION_NOT_ATTEMPTED,false,UNKNOWN_FAILURE,HTTP 400 from UDX API,false,false,0,2,false,UNKNOWN_FAILURE,42000,0.48,TRADITIONAL_PROXY,false,UDX_REAL,GENERIC_AI_REAL,2026-09-16T04:20:23.641Z
OBJ-058,FINANCE,how to send money abroad from india,TIE,0,-0.48,false,false,0,130,,1,10,1,1.52,,0,0,ACTION_NOT_ATTEMPTED,false,UNKNOWN_FAILURE,HTTP 400 from UDX API,false,false,0,1,false,UNKNOWN_FAILURE,42000,0.48,TRADITIONAL_PROXY,false,UDX_REAL,GENERIC_AI_REAL,2026-09-16T04:20:23.782Z
OBJ-059,FINANCE,health insurance for family of 4 under 15000 per year,TIE,0,-0.48,false,false,0,135,,1,10,1,1.52,,0,0,ACTION_NOT_ATTEMPTED,false,UNKNOWN_FAILURE,HTTP 400 from UDX API,false,false,0,3,false,UNKNOWN_FAILURE,42000,0.48,TRADITIONAL_PROXY,false,UDX_REAL,GENERIC_AI_REAL,2026-09-16T04:20:23.913Z
OBJ-060,FINANCE,calculate capital gains tax on property sale,TIE,0,-0.48,false,false,0,120,,1,10,1,1.52,,0,0,ACTION_NOT_ATTEMPTED,false,UNKNOWN_FAILURE,HTTP 400 from UDX API,false,false,0,3,false,UNKNOWN_FAILURE,42000,0.48,TRADITIONAL_PROXY,false,UDX_REAL,GENERIC_AI_REAL,2026-09-16T04:20:24.049Z
OBJ-061,LOCAL_SERVICES,best plumber near me in varanasi,TIE,0,-0.48,false,false,0,156,,1,10,1,1.52,,0,0,ACTION_NOT_ATTEMPTED,false,UNKNOWN_FAILURE,HTTP 400 from UDX API,false,false,0,2,false,UNKNOWN_FAILURE,42000,0.48,TRADITIONAL_PROXY,false,UDX_REAL,GENERIC_AI_REAL,2026-09-16T04:20:24.979Z
OBJ-062,LOCAL_SERVICES,AC repair at home in Noida,TIE,0,-0.48,false,false,0,122,,1,10,1,1.52,,0,0,ACTION_NOT_ATTEMPTED,false,UNKNOWN_FAILURE,HTTP 400 from UDX API,false,false,0,2,false,UNKNOWN_FAILURE,42000,0.48,TRADITIONAL_PROXY,false,UDX_REAL,GENERIC_AI_REAL,2026-09-16T04:20:25.135Z
OBJ-063,LOCAL_SERVICES,doctor appointment booking online Lucknow,TIE,0,-0.48,false,false,0,140,,1,10,1,1.52,,0,0,ACTION_NOT_ATTEMPTED,false,UNKNOWN_FAILURE,HTTP 400 from UDX API,false,false,0,2,false,UNKNOWN_FAILURE,42000,0.48,TRADITIONAL_PROXY,false,UDX_REAL,GENERIC_AI_REAL,2026-09-16T04:20:25.257Z
OBJ-064,LOCAL_SERVICES,packers and movers from Delhi to Mumbai,TIE,0,-0.48,false,false,0,222,,1,10,1,1.53,,0,0,ACTION_NOT_ATTEMPTED,false,UNKNOWN_FAILURE,HTTP 400 from UDX API,false,false,0,3,false,UNKNOWN_FAILURE,42000,0.48,TRADITIONAL_PROXY,false,UDX_REAL,GENERIC_AI_REAL,2026-09-16T04:20:25.398Z
OBJ-065,LOCAL_SERVICES,gas cylinder booking online,TIE,0,-0.48,false,false,0,123,,1,10,1,1.52,,0,0,ACTION_NOT_ATTEMPTED,false,UNKNOWN_FAILURE,HTTP 400 from UDX API,false,false,0,2,false,UNKNOWN_FAILURE,42000,0.48,TRADITIONAL_PROXY,false,UDX_REAL,GENERIC_AI_REAL,2026-09-16T04:20:25.620Z
OBJ-066,LOCAL_SERVICES,electrician near me in Hyderabad,TIE,0,-0.48,false,false,0,121,,1,10,1,1.52,,0,0,ACTION_NOT_ATTEMPTED,false,UNKNOWN_FAILURE,HTTP 400 from UDX API,false,false,0,4,false,UNKNOWN_FAILURE,42000,0.48,TRADITIONAL_PROXY,false,UDX_REAL,GENERIC_AI_REAL,2026-09-16T04:20:26.545Z
OBJ-067,LOCAL_SERVICES,PG accommodation for working professionals in Bangalore,TIE,0,-0.48,false,false,0,131,,1,10,1,1.52,,0,0,ACTION_NOT_ATTEMPTED,false,UNKNOWN_FAILURE,HTTP 400 from UDX API,false,false,0,3,false,UNKNOWN_FAILURE,42000,0.48,TRADITIONAL_PROXY,false,UDX_REAL,GENERIC_AI_REAL,2026-09-16T04:20:26.666Z
OBJ-068,LOCAL_SERVICES,passport police verification status check,TIE,0,-0.48,false,false,0,135,,1,10,1,1.52,,0,0,ACTION_NOT_ATTEMPTED,false,UNKNOWN_FAILURE,HTTP 400 from UDX API,false,false,0,2,false,UNKNOWN_FAILURE,42000,0.48,TRADITIONAL_PROXY,false,UDX_REAL,GENERIC_AI_REAL,2026-09-16T04:20:26.797Z
OBJ-069,LOCAL_SERVICES,matrimony sites in india for free,TIE,0,-0.48,false,false,0,131,,1,10,1,1.52,,0,0,ACTION_NOT_ATTEMPTED,false,UNKNOWN_FAILURE,HTTP 400 from UDX API,false,false,0,2,false,UNKNOWN_FAILURE,42000,0.48,TRADITIONAL_PROXY,false,UDX_REAL,GENERIC_AI_REAL,2026-09-16T04:20:26.933Z
OBJ-070,LOCAL_SERVICES,voter id correction online,TIE,0,-0.48,false,false,0,180,,1,10,1,1.53,,0,0,ACTION_NOT_ATTEMPTED,false,UNKNOWN_FAILURE,HTTP 400 from UDX API,false,false,0,3,false,UNKNOWN_FAILURE,42000,0.48,TRADITIONAL_PROXY,false,UDX_REAL,GENERIC_AI_REAL,2026-09-16T04:20:27.064Z
OBJ-071,LOCAL_SERVICES,blood donation camp near me,TIE,0,-0.48,false,false,0,155,,1,10,1,1.52,,0,0,ACTION_NOT_ATTEMPTED,false,UNKNOWN_FAILURE,HTTP 400 from UDX API,false,false,0,2,false,UNKNOWN_FAILURE,42000,0.48,TRADITIONAL_PROXY,false,UDX_REAL,GENERIC_AI_REAL,2026-09-16T04:20:28.053Z
OBJ-072,LOCAL_SERVICES,water tank cleaning service at home in Chennai,TIE,0,-0.48,false,false,0,187,,1,10,1,1.53,,0,0,ACTION_NOT_ATTEMPTED,false,UNKNOWN_FAILURE,HTTP 400 from UDX API,false,false,0,3,false,UNKNOWN_FAILURE,42000,0.48,TRADITIONAL_PROXY,false,UDX_REAL,GENERIC_AI_REAL,2026-09-16T04:20:28.208Z
OBJ-073,LOCAL_SERVICES,best diagnostic lab near me in Kolkata,TIE,0,-0.48,false,false,0,138,,1,10,1,1.52,,0,0,ACTION_NOT_ATTEMPTED,false,UNKNOWN_FAILURE,HTTP 400 from UDX API,false,false,0,3,false,UNKNOWN_FAILURE,42000,0.48,TRADITIONAL_PROXY,false,UDX_REAL,GENERIC_AI_REAL,2026-09-16T04:20:28.395Z
OBJ-074,LOCAL_SERVICES,rent bike in Goa for tourists,TIE,0,-0.48,false,false,0,185,,1,10,1,1.53,,0,0,ACTION_NOT_ATTEMPTED,false,UNKNOWN_FAILURE,HTTP 400 from UDX API,false,false,0,3,false,UNKNOWN_FAILURE,42000,0.48,TRADITIONAL_PROXY,false,UDX_REAL,GENERIC_AI_REAL,2026-09-16T04:20:28.533Z
OBJ-075,LOCAL_SERVICES,municipal property tax payment online,TIE,0,-0.48,false,false,0,162,,1,10,1,1.52,,0,0,ACTION_NOT_ATTEMPTED,false,UNKNOWN_FAILURE,HTTP 400 from UDX API,false,false,0,2,false,UNKNOWN_FAILURE,42000,0.48,TRADITIONAL_PROXY,false,UDX_REAL,GENERIC_AI_REAL,2026-09-16T04:20:28.719Z
OBJ-076,LOCAL_SERVICES,pest control service in Mumbai,TIE,0,-0.48,false,false,0,135,,1,10,1,1.52,,0,0,ACTION_NOT_ATTEMPTED,false,UNKNOWN_FAILURE,HTTP 400 from UDX API,false,false,0,1,false,UNKNOWN_FAILURE,42000,0.48,TRADITIONAL_PROXY,false,UDX_REAL,GENERIC_AI_REAL,2026-09-16T04:20:29.696Z
OBJ-077,LOCAL_SERVICES,ambulance booking number in Delhi,TIE,0,-0.48,false,false,0,147,,1,10,1,1.52,,0,0,ACTION_NOT_ATTEMPTED,false,UNKNOWN_FAILURE,HTTP 400 from UDX API,false,false,0,2,false,UNKNOWN_FAILURE,42000,0.48,TRADITIONAL_PROXY,false,UDX_REAL,GENERIC_AI_REAL,2026-09-16T04:20:29.832Z
OBJ-078,LOCAL_SERVICES,train PNR status check,TIE,0,-0.48,false,false,0,246,,1,10,1,1.53,,0,0,ACTION_NOT_ATTEMPTED,false,UNKNOWN_FAILURE,HTTP 400 from UDX API,false,false,0,3,false,UNKNOWN_FAILURE,42000,0.48,TRADITIONAL_PROXY,false,UDX_REAL,GENERIC_AI_REAL,2026-09-16T04:20:29.979Z
OBJ-079,LOCAL_SERVICES,how to get duplicate aadhaar card,TIE,0,-0.48,false,false,0,131,,1,10,1,1.52,,0,0,ACTION_NOT_ATTEMPTED,false,UNKNOWN_FAILURE,HTTP 400 from UDX API,false,false,0,1,false,UNKNOWN_FAILURE,42000,0.48,TRADITIONAL_PROXY,false,UDX_REAL,GENERIC_AI_REAL,2026-09-16T04:20:30.225Z
OBJ-080,LOCAL_SERVICES,swimming pool near me open today,TIE,0,-0.48,false,false,0,164,,1,10,1,1.52,,0,0,ACTION_NOT_ATTEMPTED,false,UNKNOWN_FAILURE,HTTP 400 from UDX API,false,false,0,3,false,UNKNOWN_FAILURE,42000,0.48,TRADITIONAL_PROXY,false,UDX_REAL,GENERIC_AI_REAL,2026-09-16T04:20:30.357Z
OBJ-081,PERSONAL,how to manage anxiety at work,TIE,0,-0.48,false,false,0,142,,1,10,1,1.52,,0,0,ACTION_NOT_ATTEMPTED,false,UNKNOWN_FAILURE,HTTP 400 from UDX API,false,false,0,2,false,UNKNOWN_FAILURE,42000,0.48,TRADITIONAL_PROXY,false,UDX_REAL,GENERIC_AI_REAL,2026-09-16T04:20:31.327Z
OBJ-082,PERSONAL,diet plan to lose 5 kg in a month,TIE,0,-0.48,false,false,0,484,,1,10,1,1.57,,0,0,ACTION_NOT_ATTEMPTED,false,UNKNOWN_FAILURE,HTTP 400 from UDX API,false,false,0,2,false,UNKNOWN_FAILURE,42000,0.48,TRADITIONAL_PROXY,false,UDX_REAL,GENERIC_AI_REAL,2026-09-16T04:20:31.469Z
OBJ-083,PERSONAL,how to improve my CIBIL score fast,TIE,0,-0.48,false,false,0,170,,1,10,1,1.52,,0,0,ACTION_NOT_ATTEMPTED,false,UNKNOWN_FAILURE,HTTP 400 from UDX API,false,false,0,3,false,UNKNOWN_FAILURE,42000,0.48,TRADITIONAL_PROXY,false,UDX_REAL,GENERIC_AI_REAL,2026-09-16T04:20:31.953Z
OBJ-084,PERSONAL,how to write a good LinkedIn profile,TIE,0,-0.48,false,false,0,126,,1,10,1,1.52,,0,0,ACTION_NOT_ATTEMPTED,false,UNKNOWN_FAILURE,HTTP 400 from UDX API,false,false,0,2,false,UNKNOWN_FAILURE,42000,0.48,TRADITIONAL_PROXY,false,UDX_REAL,GENERIC_AI_REAL,2026-09-16T04:20:32.124Z
OBJ-085,PERSONAL,legal help for domestic violence victim india,TIE,0,-0.48,false,false,0,126,,1,10,1,1.52,,0,0,ACTION_NOT_ATTEMPTED,false,UNKNOWN_FAILURE,HTTP 400 from UDX API,false,false,0,2,false,UNKNOWN_FAILURE,42000,0.48,TRADITIONAL_PROXY,false,UDX_REAL,GENERIC_AI_REAL,2026-09-16T04:20:32.251Z
OBJ-086,PERSONAL,how to prepare for a salary negotiation,TIE,0,-0.48,false,false,0,126,,1,10,1,1.52,,0,0,ACTION_NOT_ATTEMPTED,false,UNKNOWN_FAILURE,HTTP 400 from UDX API,false,false,0,2,false,UNKNOWN_FAILURE,42000,0.48,TRADITIONAL_PROXY,false,UDX_REAL,GENERIC_AI_REAL,2026-09-16T04:20:33.181Z
OBJ-087,PERSONAL,how to stop procrastinating,TIE,0,-0.48,false,false,0,150,,1,10,1,1.52,,0,0,ACTION_NOT_ATTEMPTED,false,UNKNOWN_FAILURE,HTTP 400 from UDX API,false,false,0,2,false,UNKNOWN_FAILURE,42000,0.48,TRADITIONAL_PROXY,false,UDX_REAL,GENERIC_AI_REAL,2026-09-16T04:20:33.308Z
OBJ-088,PERSONAL,how to get birth certificate if not registered,TIE,0,-0.48,false,false,0,127,,1,10,1,1.52,,0,0,ACTION_NOT_ATTEMPTED,false,UNKNOWN_FAILURE,HTTP 400 from UDX API,false,false,0,3,false,UNKNOWN_FAILURE,42000,0.48,TRADITIONAL_PROXY,false,UDX_REAL,GENERIC_AI_REAL,2026-09-16T04:20:33.458Z
OBJ-089,PERSONAL,how to deal with job loss depression,TIE,0,-0.48,false,false,0,128,,1,10,1,1.52,,0,0,ACTION_NOT_ATTEMPTED,false,UNKNOWN_FAILURE,HTTP 400 from UDX API,false,false,0,2,false,UNKNOWN_FAILURE,42000,0.48,TRADITIONAL_PROXY,false,UDX_REAL,GENERIC_AI_REAL,2026-09-16T04:20:33.585Z
OBJ-090,PERSONAL,best book to learn about stock market for beginners,TIE,0,-0.48,false,false,0,129,,1,10,1,1.52,,0,0,ACTION_NOT_ATTEMPTED,false,UNKNOWN_FAILURE,HTTP 400 from UDX API,false,false,0,2,false,UNKNOWN_FAILURE,42000,0.48,TRADITIONAL_PROXY,false,UDX_REAL,GENERIC_AI_REAL,2026-09-16T04:20:33.713Z
OBJ-091,PERSONAL,how to report a cyber crime in india,TIE,0,-0.48,false,false,0,123,,1,10,1,1.52,,0,0,ACTION_NOT_ATTEMPTED,false,UNKNOWN_FAILURE,HTTP 400 from UDX API,false,false,0,2,false,UNKNOWN_FAILURE,42000,0.48,TRADITIONAL_PROXY,false,UDX_REAL,GENERIC_AI_REAL,2026-09-16T04:20:34.646Z
OBJ-092,PERSONAL,meal prep ideas for the whole week,TIE,0,-0.48,false,false,0,146,,1,10,1,1.52,,0,0,ACTION_NOT_ATTEMPTED,false,UNKNOWN_FAILURE,HTTP 400 from UDX API,false,false,0,2,false,UNKNOWN_FAILURE,42000,0.48,TRADITIONAL_PROXY,false,UDX_REAL,GENERIC_AI_REAL,2026-09-16T04:20:34.770Z
OBJ-093,PERSONAL,how to meditate for beginners at home,TIE,0,-0.48,false,false,0,120,,1,10,1,1.52,,0,0,ACTION_NOT_ATTEMPTED,false,UNKNOWN_FAILURE,HTTP 400 from UDX API,false,false,0,2,false,UNKNOWN_FAILURE,42000,0.48,TRADITIONAL_PROXY,false,UDX_REAL,GENERIC_AI_REAL,2026-09-16T04:20:34.916Z
OBJ-094,PERSONAL,how to apply for rajasthan ration card,TIE,0,-0.48,false,false,0,124,,1,10,1,1.52,,0,0,ACTION_NOT_ATTEMPTED,false,UNKNOWN_FAILURE,HTTP 400 from UDX API,false,false,0,1,false,UNKNOWN_FAILURE,42000,0.48,TRADITIONAL_PROXY,false,UDX_REAL,GENERIC_AI_REAL,2026-09-16T04:20:35.036Z
OBJ-095,PERSONAL,what is the best time to wake up,TIE,0,-0.48,false,false,0,128,,1,10,1,1.52,,0,0,ACTION_NOT_ATTEMPTED,false,UNKNOWN_FAILURE,HTTP 400 from UDX API,false,false,0,1,false,UNKNOWN_FAILURE,42000,0.48,TRADITIONAL_PROXY,false,UDX_REAL,GENERIC_AI_REAL,2026-09-16T04:20:35.160Z
OBJ-096,PERSONAL,how to get police clearance certificate india,TIE,0,-0.48,false,false,0,124,,1,10,1,1.52,,0,0,ACTION_NOT_ATTEMPTED,false,UNKNOWN_FAILURE,HTTP 400 from UDX API,false,false,0,2,false,UNKNOWN_FAILURE,42000,0.48,TRADITIONAL_PROXY,false,UDX_REAL,GENERIC_AI_REAL,2026-09-16T04:20:36.099Z
OBJ-097,PERSONAL,how to write a will in india,TIE,0,-0.48,false,false,0,134,,1,10,1,1.52,,0,0,ACTION_NOT_ATTEMPTED,false,UNKNOWN_FAILURE,HTTP 400 from UDX API,false,false,0,2,false,UNKNOWN_FAILURE,42000,0.48,TRADITIONAL_PROXY,false,UDX_REAL,GENERIC_AI_REAL,2026-09-16T04:20:36.223Z
OBJ-098,PERSONAL,how to save electricity at home,TIE,0,-0.48,false,false,0,144,,1,10,1,1.52,,0,0,ACTION_NOT_ATTEMPTED,false,UNKNOWN_FAILURE,HTTP 400 from UDX API,false,false,0,2,false,UNKNOWN_FAILURE,42000,0.48,TRADITIONAL_PROXY,false,UDX_REAL,GENERIC_AI_REAL,2026-09-16T04:20:36.357Z
OBJ-099,PERSONAL,adopt a dog from shelter in india,TIE,0,-0.48,false,false,0,132,,1,10,1,1.52,,0,0,ACTION_NOT_ATTEMPTED,false,UNKNOWN_FAILURE,HTTP 400 from UDX API,false,false,0,2,false,UNKNOWN_FAILURE,42000,0.48,TRADITIONAL_PROXY,false,UDX_REAL,GENERIC_AI_REAL,2026-09-16T04:20:36.501Z
OBJ-100,PERSONAL,how to get a driving license in india first time,TIE,0,-0.48,false,false,0,133,,1,10,1,1.52,,0,0,ACTION_NOT_ATTEMPTED,false,UNKNOWN_FAILURE,HTTP 400 from UDX API,false,false,0,4,false,UNKNOWN_FAILURE,42000,0.48,TRADITIONAL_PROXY,false,UDX_REAL,GENERIC_AI_REAL,2026-09-16T04:20:36.633Z